,Epoch,train_loss,acc
0,0,0.8549683686480465,93.693695
1,1,0.12454239899539445,87.83784
2,2,0.0496759206163192,98.94895
3,3,0.008058215771641874,99.6997
4,4,0.004901213334040178,100.0
5,5,0.0035685868588408052,97.8979
6,6,0.0044918288631050525,100.0
7,7,0.00924577106737829,99.84985
8,8,0.014165499775599638,99.84985
9,9,0.004537420520378019,100.0
10,10,0.00359224418308116,100.0
11,11,0.0013247517569203431,100.0
12,12,0.0008822113612873784,100.0
