,Epoch,train_loss,acc
0,0,0.13520045361700328,72.66811
